[{"author":"Homer Simpson","title":"React??","description":"React is awesome!!","category":"React"},{"author":"Sagar","title":"Node.js","description":"Node js is fun <3","category":"Node.js"},{"author":"Tony","title":"CSS","description":"Animatins in css are so good.","category":"Node.js"},{"author":"Sagar","title":"Express","description":"its so cool, we get so many shortcuts to create APIs","category":"Express"},{"author":"Sagar","title":"dsf","description":"sadf","category":"sdf"},{"author":"Sagar","title":"dsf","description":"sadf","category":"sdf"},{"author":"Sagar","title":"MongoDb","description":"MongoDb is awesome!!","category":"MongoDb"},{"songName":"Perfect","rating":"5"},{"author":"Homer Simpson","title":"React??","description":"React is awesome!!","category":"React"},{"author":"Homer Simpson","title":"React??","description":"React is awesome!!","category":"React"},{"author":"Homer Simpson","title":"React??","description":"React is awesome!!","category":"React"},{"author":"Homer Simpson","title":"React??","description":"React is awesome!!","category":"React"}]